{"stats":{"minecraft:mined":{"minecraft:grass":3,"minecraft:oak_sapling":1,"minecraft:oak_leaves":19},"minecraft:used":{"minecraft:oak_sapling":3},"minecraft:custom":{"minecraft:time_since_rest":2781,"minecraft:crouch_one_cm":184,"minecraft:play_time":12469,"minecraft:sprint_one_cm":2065,"minecraft:walk_one_cm":30248,"minecraft:damage_taken":515,"minecraft:deaths":2,"minecraft:sneak_time":32,"minecraft:walk_under_water_one_cm":530,"minecraft:drop":1,"minecraft:damage_dealt_resisted":8,"minecraft:jump":17,"minecraft:damage_dealt":6,"minecraft:leave_game":1,"minecraft:time_since_death":2730,"minecraft:walk_on_water_one_cm":2455,"minecraft:total_world_time":12469,"minecraft:swim_one_cm":2665,"minecraft:fly_one_cm":2563},"minecraft:picked_up":{"minecraft:birch_log":2,"born_in_chaos_v1:monster_skin":1,"minecraft:rose_bush":4,"minecraft:oak_sapling":6,"minecraft:dirt":10},"minecraft:killed_by":{"born_in_chaos_v1:supreme_bonescaller":2},"minecraft:dropped":{"minecraft:rose_bush":1}},"DataVersion":3465}