{"stats":{"minecraft:dropped":{"minecraft:stone_sword":1,"minecraft:rose_bush":1},"minecraft:killed":{"minecraft:zombie":4,"born_in_chaos_v1:dread_hound":1,"born_in_chaos_v1:corpse_fly":6,"born_in_chaos_v1:decrepit_skeleton":1,"born_in_chaos_v1:maggot":1},"minecraft:used":{"minecraft:stone_sword":25,"minecraft:stone_pickaxe":15,"minecraft:wooden_pickaxe":4,"minecraft:rotten_flesh":6,"minecraft:stone_axe":6,"minecraft:crafting_table":1,"minecraft:oak_sapling":3},"minecraft:killed_by":{"born_in_chaos_v1:corpse_fly":1,"born_in_chaos_v1:supreme_bonescaller":2},"minecraft:custom":{"minecraft:time_since_rest":24071,"minecraft:sprint_one_cm":24877,"minecraft:damage_taken":850,"minecraft:walk_one_cm":89598,"minecraft:mob_kills":13,"minecraft:drop":2,"minecraft:damage_dealt":1564,"minecraft:swim_one_cm":2665,"minecraft:interact_with_crafting_table":3,"minecraft:fly_one_cm":17400,"minecraft:open_chest":2,"minecraft:crouch_one_cm":227,"minecraft:play_time":44879,"minecraft:deaths":3,"minecraft:sneak_time":402,"minecraft:walk_under_water_one_cm":530,"minecraft:jump":162,"minecraft:damage_dealt_resisted":68,"minecraft:leave_game":1,"minecraft:time_since_death":24043,"minecraft:walk_on_water_one_cm":2455,"minecraft:climb_one_cm":333,"minecraft:total_world_time":44879,"minecraft:fall_one_cm":2092},"minecraft:crafted":{"minecraft:oak_planks":20,"minecraft:crafting_table":1,"minecraft:stick":12,"minecraft:wooden_pickaxe":1,"minecraft:stone_pickaxe":1,"minecraft:stone_sword":1},"minecraft:mined":{"minecraft:oak_sapling":1,"minecraft:grass":4,"minecraft:grass_block":2,"minecraft:oak_log":8,"minecraft:gravel":16,"minecraft:dirt":7,"minecraft:stone":9,"minecraft:oak_leaves":20},"minecraft:picked_up":{"minecraft:birch_log":2,"born_in_chaos_v1:corpse_maggot":8,"minecraft:stick":8,"minecraft:wooden_pickaxe":1,"minecraft:gravel":26,"minecraft:flint":6,"minecraft:oak_log":8,"minecraft:dirt":28,"born_in_chaos_v1:monster_skin":1,"minecraft:stone_sword":1,"minecraft:bone":1,"minecraft:rotten_flesh":13,"minecraft:stone_axe":1,"minecraft:stone_pickaxe":1,"minecraft:rose_bush":4,"born_in_chaos_v1:gnawed_bones":1,"minecraft:iron_pickaxe":1,"minecraft:oak_sapling":6,"minecraft:oak_planks":7,"minecraft:cobblestone":10}},"DataVersion":3465}