{"stats":{"minecraft:killed_by":{"born_in_chaos_v1:corpse_fly":1,"born_in_chaos_v1:supreme_bonescaller":2},"minecraft:killed":{"minecraft:zombie":3,"born_in_chaos_v1:dread_hound":1,"born_in_chaos_v1:decrepit_skeleton":1,"born_in_chaos_v1:maggot":1},"minecraft:crafted":{"minecraft:oak_planks":20,"minecraft:crafting_table":1,"minecraft:stick":12,"minecraft:wooden_pickaxe":1,"minecraft:stone_pickaxe":1,"minecraft:stone_sword":1},"minecraft:mined":{"minecraft:oak_sapling":1,"minecraft:grass":3,"minecraft:grass_block":2,"minecraft:oak_log":5,"minecraft:gravel":16,"minecraft:dirt":7,"minecraft:stone":9,"minecraft:oak_leaves":19},"minecraft:custom":{"minecraft:time_since_rest":6974,"minecraft:sprint_one_cm":17862,"minecraft:damage_taken":720,"minecraft:walk_one_cm":63803,"minecraft:mob_kills":6,"minecraft:drop":1,"minecraft:damage_dealt":738,"minecraft:swim_one_cm":2665,"minecraft:interact_with_crafting_table":3,"minecraft:fly_one_cm":8243,"minecraft:open_chest":1,"minecraft:crouch_one_cm":227,"minecraft:play_time":27782,"minecraft:deaths":3,"minecraft:sneak_time":287,"minecraft:walk_under_water_one_cm":530,"minecraft:jump":101,"minecraft:damage_dealt_resisted":8,"minecraft:leave_game":1,"minecraft:time_since_death":6946,"minecraft:walk_on_water_one_cm":2455,"minecraft:total_world_time":27782,"minecraft:fall_one_cm":1047},"minecraft:picked_up":{"minecraft:birch_log":2,"born_in_chaos_v1:corpse_maggot":1,"minecraft:stick":8,"minecraft:wooden_pickaxe":1,"minecraft:gravel":26,"minecraft:flint":6,"minecraft:oak_log":5,"minecraft:dirt":28,"born_in_chaos_v1:monster_skin":1,"minecraft:bone":1,"minecraft:rotten_flesh":10,"minecraft:stone_axe":1,"minecraft:stone_pickaxe":1,"minecraft:rose_bush":4,"born_in_chaos_v1:gnawed_bones":1,"minecraft:iron_pickaxe":1,"minecraft:oak_sapling":6,"minecraft:oak_planks":7,"minecraft:cobblestone":10},"minecraft:used":{"minecraft:stone_sword":8,"minecraft:stone_pickaxe":15,"minecraft:wooden_pickaxe":4,"minecraft:rotten_flesh":2,"minecraft:crafting_table":1,"minecraft:oak_sapling":3},"minecraft:dropped":{"minecraft:rose_bush":1}},"DataVersion":3465}