{"stats":{"minecraft:killed_by":{"born_in_chaos_v1:supreme_bonescaller":2},"minecraft:crafted":{"minecraft:oak_planks":20,"minecraft:crafting_table":1,"minecraft:stick":12,"minecraft:stone_pickaxe":1,"minecraft:wooden_pickaxe":1},"minecraft:mined":{"minecraft:grass":3,"minecraft:grass_block":2,"minecraft:oak_log":5,"minecraft:oak_sapling":1,"minecraft:gravel":16,"minecraft:dirt":7,"minecraft:stone":4,"minecraft:oak_leaves":19},"minecraft:custom":{"minecraft:time_since_rest":6094,"minecraft:crouch_one_cm":195,"minecraft:sprint_one_cm":9197,"minecraft:play_time":15782,"minecraft:damage_taken":515,"minecraft:deaths":2,"minecraft:walk_one_cm":36916,"minecraft:sneak_time":53,"minecraft:walk_under_water_one_cm":530,"minecraft:drop":1,"minecraft:damage_dealt_resisted":8,"minecraft:jump":40,"minecraft:damage_dealt":6,"minecraft:leave_game":1,"minecraft:walk_on_water_one_cm":2455,"minecraft:time_since_death":6043,"minecraft:total_world_time":15782,"minecraft:interact_with_crafting_table":2,"minecraft:swim_one_cm":2665,"minecraft:fall_one_cm":418,"minecraft:fly_one_cm":4338},"minecraft:picked_up":{"minecraft:birch_log":2,"born_in_chaos_v1:monster_skin":1,"minecraft:gravel":13,"minecraft:flint":3,"minecraft:rose_bush":4,"minecraft:oak_log":5,"minecraft:oak_sapling":6,"minecraft:dirt":19,"minecraft:cobblestone":4},"minecraft:used":{"minecraft:crafting_table":1,"minecraft:oak_sapling":3,"minecraft:wooden_pickaxe":4},"minecraft:dropped":{"minecraft:rose_bush":1}},"DataVersion":3465}