{"stats":{"minecraft:custom":{"minecraft:time_since_rest":6280,"minecraft:sprint_one_cm":55043,"minecraft:damage_taken":810,"minecraft:walk_one_cm":31872,"minecraft:mob_kills":21,"minecraft:drop":6,"minecraft:damage_dealt":2782,"minecraft:interact_with_crafting_table":2,"minecraft:fly_one_cm":60893,"minecraft:open_barrel":2,"minecraft:open_chest":4,"minecraft:crouch_one_cm":3995,"minecraft:play_time":23468,"minecraft:deaths":3,"minecraft:sneak_time":983,"minecraft:jump":294,"minecraft:leave_game":1,"minecraft:time_since_death":6458,"minecraft:climb_one_cm":3382,"minecraft:total_world_time":23468,"minecraft:fall_one_cm":9442},"minecraft:used":{"minecraft:stone_pickaxe":28,"minecraft:oak_planks":3,"minecraft:stone_axe":5,"minecraft:dirt":2,"minecraft:crafting_table":2,"bunker_down:brittle_pickaxe":3,"zombie_extreme:golf_club":51,"minecraft:potato":2},"minecraft:mined":{"treechop:chopped_log":2,"minecraft:crafting_table":2,"minecraft:grass":8,"minecraft:grass_block":6,"minecraft:light_gray_bed":1,"minecraft:dirt":9,"minecraft:cobblestone":31,"minecraft:oak_planks":3},"minecraft:killed":{"minecraft:horse":5,"minecraft:sheep":4,"zombie_extreme:crawler":1,"minecraft:pig":6,"zombie_extreme:infected":1,"minecraft:cow":4},"minecraft:killed_by":{"minecraft:sheep":1,"zombie_extreme:infected":1,"spore:inf_human":1},"minecraft:picked_up":{"minecraft:stick":3,"minecraft:crafting_table":2,"minecraft:leather":8,"minecraft:porkchop":15,"minecraft:oak_log":12,"minecraft:brick":1,"minecraft:dirt":15,"minecraft:light_gray_bed":1,"minecraft:rotten_flesh":3,"minecraft:beef":9,"minecraft:oak_sapling":10,"minecraft:mutton":7,"minecraft:oak_planks":3,"minecraft:white_wool":4,"minecraft:cobblestone":31},"minecraft:crafted":{"minecraft:oak_planks":48,"minecraft:crafting_table":1,"minecraft:stick":4,"minecraft:stone_pickaxe":1,"minecraft:stone_axe":1},"minecraft:dropped":{"minecraft:dirt":13,"minecraft:rotten_flesh":3,"man:cassette_1safetyinstructions":1,"bunker_down:brittle_pickaxe":1}},"DataVersion":3120}