{"stats":{"minecraft:used":{"bunker_down:brittle_pickaxe":5},"minecraft:custom":{"minecraft:jump":4,"minecraft:open_chest":1,"minecraft:time_since_rest":1127,"minecraft:sprint_one_cm":2266,"minecraft:play_time":1127,"minecraft:time_since_death":1127,"minecraft:walk_one_cm":2943,"minecraft:total_world_time":1127,"minecraft:fall_one_cm":209,"minecraft:fly_one_cm":453},"minecraft:mined":{"minecraft:cobblestone":5,"minecraft:light_gray_bed":1},"minecraft:picked_up":{"minecraft:light_gray_bed":1,"minecraft:cobblestone":4}},"DataVersion":3120}