{"stats":{"minecraft:custom":{"minecraft:time_since_rest":1473,"minecraft:sprint_one_cm":28219,"minecraft:damage_taken":270,"minecraft:walk_one_cm":20666,"minecraft:mob_kills":2,"minecraft:drop":5,"minecraft:damage_dealt":343,"minecraft:interact_with_crafting_table":1,"minecraft:fly_one_cm":18932,"minecraft:open_barrel":2,"minecraft:open_chest":3,"minecraft:crouch_one_cm":1281,"minecraft:play_time":11468,"minecraft:deaths":1,"minecraft:sneak_time":296,"minecraft:jump":135,"minecraft:leave_game":1,"minecraft:time_since_death":1666,"minecraft:climb_one_cm":3382,"minecraft:total_world_time":11468,"minecraft:fall_one_cm":2088},"minecraft:used":{"minecraft:dirt":2,"minecraft:crafting_table":1,"bunker_down:brittle_pickaxe":3,"zombie_extreme:golf_club":7,"minecraft:potato":2},"minecraft:mined":{"treechop:chopped_log":2,"minecraft:crafting_table":1,"minecraft:grass":2,"minecraft:grass_block":6,"minecraft:light_gray_bed":1,"minecraft:dirt":9,"minecraft:cobblestone":3},"minecraft:killed":{"zombie_extreme:crawler":1,"minecraft:pig":1},"minecraft:killed_by":{"spore:inf_human":1},"minecraft:picked_up":{"minecraft:stick":3,"minecraft:crafting_table":1,"minecraft:porkchop":2,"minecraft:oak_log":12,"minecraft:dirt":15,"minecraft:light_gray_bed":1,"minecraft:rotten_flesh":2,"minecraft:oak_sapling":10,"minecraft:cobblestone":3},"minecraft:crafted":{"minecraft:oak_planks":48,"minecraft:crafting_table":1,"minecraft:stone_pickaxe":1},"minecraft:dropped":{"minecraft:dirt":13,"minecraft:rotten_flesh":2,"man:cassette_1safetyinstructions":1,"bunker_down:brittle_pickaxe":1}},"DataVersion":3120}