{"stats":{"minecraft:killed_by":{"minecraft:zombie":1},"minecraft:killed":{"minecraft:zombie":7,"born_in_chaos_v1:corpse_fly":1,"minecraft:spider":1,"minecraft:cow":1},"minecraft:crafted":{"minecraft:cooked_beef":2,"minecraft:oak_planks":44,"minecraft:crafting_table":1,"minecraft:iron_ingot":6,"minecraft:stone_pickaxe":1,"minecraft:furnace":1,"minecraft:stone_axe":1,"minecraft:air":0},"minecraft:mined":{"minecraft:furnace":2,"minecraft:iron_ore":18,"gamma_beasts:prehnite_ore":11,"minecraft:crafting_table":4,"minecraft:grass":1,"minecraft:oak_log":11,"minecraft:grass_block":1,"minecraft:coal_ore":35,"minecraft:dirt":2,"minecraft:stone":63,"minecraft:oak_leaves":5,"minecraft:fern":2},"minecraft:custom":{"minecraft:time_since_rest":8171,"minecraft:interact_with_furnace":8,"minecraft:sprint_one_cm":40348,"minecraft:damage_taken":410,"minecraft:walk_one_cm":40436,"minecraft:mob_kills":10,"minecraft:drop":5,"minecraft:damage_dealt":2156,"minecraft:interact_with_crafting_table":9,"minecraft:fly_one_cm":19587,"minecraft:open_chest":2,"minecraft:crouch_one_cm":4309,"minecraft:play_time":33589,"minecraft:deaths":1,"minecraft:sneak_time":1218,"minecraft:walk_under_water_one_cm":58,"minecraft:jump":175,"minecraft:leave_game":1,"minecraft:walk_on_water_one_cm":479,"minecraft:time_since_death":8148,"minecraft:climb_one_cm":180,"minecraft:total_world_time":33589,"minecraft:fall_one_cm":3575},"minecraft:picked_up":{"minecraft:crafting_table":4,"minecraft:raw_iron":17,"gamma_beasts:prehnite":11,"minecraft:oak_log":11,"minecraft:dirt":3,"minecraft:rotten_flesh":2,"minecraft:beef":2,"gamma_beasts:coal_nugget":11,"minecraft:coal":35,"minecraft:cobblestone":63,"minecraft:furnace":2},"minecraft:used":{"minecraft:stone_pickaxe":36,"minecraft:iron_pickaxe":58,"minecraft:chest":1,"minecraft:wooden_pickaxe":23,"minecraft:stone_axe":4,"minecraft:dirt":3,"minecraft:cobblestone":20,"minecraft:crafting_table":5,"minecraft:furnace":2,"gamma_beasts:prehnite_pickaxe":15,"minecraft:cooked_beef":2},"minecraft:dropped":{"minecraft:stone_axe":1,"minecraft:rotten_flesh":2,"minecraft:stone_pickaxe":1,"minecraft:iron_pickaxe":1}},"DataVersion":3465}