{"stats":{"minecraft:mined":{"minecraft:iron_ore":4,"minecraft:crafting_table":2,"minecraft:oak_log":11,"minecraft:grass_block":1,"minecraft:coal_ore":13,"minecraft:dirt":2,"minecraft:stone":38,"minecraft:oak_leaves":5},"minecraft:used":{"minecraft:stone_pickaxe":35,"minecraft:wooden_pickaxe":23,"minecraft:stone_axe":2,"minecraft:dirt":3,"minecraft:cobblestone":11,"minecraft:crafting_table":3,"minecraft:furnace":1},"minecraft:crafted":{"minecraft:oak_planks":44,"minecraft:crafting_table":1,"minecraft:iron_ingot":4,"minecraft:stone_pickaxe":1,"minecraft:furnace":1,"minecraft:stone_axe":1,"minecraft:air":0},"minecraft:picked_up":{"minecraft:crafting_table":2,"minecraft:raw_iron":4,"minecraft:oak_log":11,"minecraft:dirt":3,"minecraft:beef":2,"gamma_beasts:coal_nugget":2,"minecraft:coal":13,"minecraft:cobblestone":38},"minecraft:killed":{"minecraft:zombie":1,"minecraft:spider":1,"minecraft:cow":1},"minecraft:custom":{"minecraft:time_since_rest":15912,"minecraft:interact_with_furnace":1,"minecraft:sprint_one_cm":31613,"minecraft:damage_taken":170,"minecraft:walk_one_cm":15330,"minecraft:mob_kills":3,"minecraft:damage_dealt":379,"minecraft:interact_with_crafting_table":3,"minecraft:fly_one_cm":14955,"minecraft:crouch_one_cm":1325,"minecraft:play_time":15912,"minecraft:sneak_time":425,"minecraft:jump":113,"minecraft:leave_game":1,"minecraft:walk_on_water_one_cm":257,"minecraft:time_since_death":15912,"minecraft:climb_one_cm":180,"minecraft:total_world_time":15912,"minecraft:fall_one_cm":2764}},"DataVersion":3465}