{"stats":{"minecraft:dropped":{"minecraft:stone_axe":1,"minecraft:rotten_flesh":2,"minecraft:stone_pickaxe":1,"minecraft:iron_pickaxe":1},"minecraft:killed":{"minecraft:zombie":9,"born_in_chaos_v1:corpse_fly":1,"minecraft:spider":1,"minecraft:cow":1},"minecraft:used":{"minecraft:stone_pickaxe":36,"minecraft:iron_pickaxe":58,"minecraft:chest":1,"minecraft:wooden_pickaxe":23,"gamma_beasts:prehnite_sword":7,"minecraft:stone_axe":4,"minecraft:dirt":3,"minecraft:cobblestone":20,"minecraft:crafting_table":5,"minecraft:furnace":2,"gamma_beasts:prehnite_pickaxe":15,"minecraft:cooked_beef":2},"minecraft:killed_by":{"minecraft:zombie":1},"minecraft:custom":{"minecraft:time_since_rest":24655,"minecraft:interact_with_furnace":8,"minecraft:sprint_one_cm":45383,"minecraft:damage_taken":460,"minecraft:walk_one_cm":48480,"minecraft:mob_kills":12,"minecraft:drop":5,"minecraft:damage_dealt":2631,"minecraft:interact_with_crafting_table":9,"minecraft:fly_one_cm":22884,"minecraft:open_chest":2,"minecraft:play_time":50073,"minecraft:crouch_one_cm":4309,"minecraft:deaths":1,"minecraft:sneak_time":1218,"minecraft:walk_under_water_one_cm":58,"minecraft:jump":194,"minecraft:leave_game":2,"minecraft:time_since_death":24632,"minecraft:walk_on_water_one_cm":479,"minecraft:total_world_time":50073,"minecraft:climb_one_cm":180,"minecraft:fall_one_cm":4411},"minecraft:crafted":{"minecraft:cooked_beef":2,"minecraft:oak_planks":44,"minecraft:crafting_table":1,"minecraft:iron_ingot":6,"minecraft:stone_pickaxe":1,"minecraft:furnace":1,"minecraft:stone_axe":1,"minecraft:air":0},"minecraft:mined":{"minecraft:furnace":2,"minecraft:iron_ore":18,"gamma_beasts:prehnite_ore":11,"minecraft:crafting_table":4,"minecraft:grass":1,"minecraft:oak_log":11,"minecraft:grass_block":1,"minecraft:coal_ore":35,"minecraft:dirt":2,"minecraft:stone":63,"minecraft:oak_leaves":5,"minecraft:fern":2},"minecraft:picked_up":{"minecraft:crafting_table":4,"minecraft:raw_iron":17,"gamma_beasts:prehnite":11,"minecraft:oak_log":11,"minecraft:dirt":3,"minecraft:rotten_flesh":2,"minecraft:beef":2,"gamma_beasts:coal_nugget":11,"minecraft:coal":35,"minecraft:cobblestone":63,"minecraft:furnace":2}},"DataVersion":3465}