{"stats":{"minecraft:custom":{"minecraft:jump":112,"minecraft:open_chest":3,"minecraft:time_since_rest":2013,"minecraft:crouch_one_cm":119,"minecraft:deaths":1,"minecraft:damage_dealt":10,"minecraft:damage_taken":430,"minecraft:sprint_one_cm":15544,"minecraft:play_time":6470,"minecraft:walk_on_water_one_cm":266,"minecraft:time_since_death":2284,"minecraft:walk_one_cm":17013,"minecraft:sneak_time":60,"minecraft:climb_one_cm":8071,"minecraft:total_world_time":6470,"minecraft:walk_under_water_one_cm":1066,"minecraft:fall_one_cm":6141,"minecraft:fly_one_cm":19986},"minecraft:mined":{"minecraft:tall_grass":1,"minecraft:light_gray_bed":1,"minecraft:crafting_table":1},"minecraft:killed_by":{"minecraft:pig":1},"minecraft:picked_up":{"minecraft:crafting_table":1,"minecraft:light_gray_bed":1}},"DataVersion":3120}